<?xml version="1.0" encoding="UTF-8"?>
<configurationDescriptor version="100">
  <logicalFolder name="root" displayName="root" projectFiles="true" kind="ROOT">
    <df root="." name="0">
      <df name=".vscode">
      </df>
      <in>GameState.cpp</in>
      <in>GameState.h</in>
      <in>globals.h</in>
      <in>playMove.cpp</in>
      <in>tictactoe.cpp</in>
    </df>
  </logicalFolder>
  <projectmakefile>Makefile</projectmakefile>
  <confs>
    <conf name="Default" type="0">
      <toolsSet>
        <developmentServer>localhost</developmentServer>
        <platform>2</platform>
      </toolsSet>
      <compile>
        <compiledirpicklist>
          <compiledirpicklistitem>.</compiledirpicklistitem>
          <compiledirpicklistitem>${AUTO_FOLDER}</compiledirpicklistitem>
        </compiledirpicklist>
        <compiledir>${AUTO_FOLDER}</compiledir>
        <compilecommandpicklist>
          <compilecommandpicklistitem>${MAKE} ${ITEM_NAME}.o</compilecommandpicklistitem>
          <compilecommandpicklistitem>${AUTO_COMPILE}</compilecommandpicklistitem>
        </compilecommandpicklist>
        <compilecommand>${AUTO_COMPILE}</compilecommand>
      </compile>
      <dbx_gdbdebugger version="1">
        <gdb_pathmaps>
        </gdb_pathmaps>
        <gdb_interceptlist>
          <gdbinterceptoptions gdb_all="false" gdb_unhandled="true" gdb_unexpected="true"/>
        </gdb_interceptlist>
        <gdb_options>
          <DebugOptions>
          </DebugOptions>
        </gdb_options>
        <gdb_buildfirst gdb_buildfirst_overriden="false" gdb_buildfirst_old="false"/>
      </dbx_gdbdebugger>
      <nativedebugger version="1">
        <engine>gdb</engine>
      </nativedebugger>
      <runprofile version="9">
        <runcommandpicklist>
          <runcommandpicklistitem>"${OUTPUT_PATH}"</runcommandpicklistitem>
        </runcommandpicklist>
        <runcommand>"${OUTPUT_PATH}"</runcommand>
        <rundir>.</rundir>
        <buildfirst>false</buildfirst>
        <terminal-type>0</terminal-type>
        <remove-instrumentation>0</remove-instrumentation>
        <environment>
        </environment>
      </runprofile>
    </conf>
  </confs>
</configurationDescriptor>
